{
    "imputation": {
        "age_median": 28.0,
        "fare_median": 14.4542,
        "embarked_mode": "S"
    },
    "mappings": {
        "sex": {
            "male": 0,
            "female": 1
        },
        "embarked": {
            "S": 0,
            "C": 1,
            "Q": 2
        }
    },
    "metrics": {
        "random_forest_accuracy": 0.8156424581005587,
        "random_forest_precision": 0.8360655737704918,
        "random_forest_recall": 0.6891891891891891,
        "random_forest_f1": 0.7555555555555555,
        "random_forest_cm": [
            95,
            10,
            23,
            51
        ],
        "xgboost_accuracy": 0.8044692737430168,
        "xgboost_precision": 0.7910447761194029,
        "xgboost_recall": 0.7162162162162162,
        "xgboost_f1": 0.75177304964539,
        "xgboost_cm": [
            91,
            14,
            21,
            53
        ],
        "overall_accuracy": 0.8156424581005587
    },
    "features": [
        "Pclass",
        "Sex_encoded",
        "Age",
        "SibSp",
        "Parch",
        "Fare",
        "Embarked_encoded"
    ],
    "feature_importances": {
        "random_forest": [
            0.12120223985364126,
            0.3950294439584928,
            0.15268559082086774,
            0.06039808450652692,
            0.040618326702462244,
            0.19637906357485413,
            0.03368725058315485
        ],
        "xgboost": [
            0.2046600729227066,
            0.5870489478111267,
            0.037219829857349396,
            0.06842715293169022,
            0.026915280148386955,
            0.04042116180062294,
            0.035307563841342926
        ]
    }
}